Liste des candidats,Nuance,Voix,Elu(e),pourcentage_inscrits,pourcentage_exprimes,abstentions,circo,dep,reg,groupe_nuance
Mme Caroline JANVIER,ENS,13263,QUALIF T2,0.1496935700499994,0.23025242179091,29765,4502,45,24,en
Mme Catherine HERVIEU,UG,13723,QUALIF T2,0.1905681076502201,0.276684543731602,21398,2102,21,27,fp
Mme Pascale GOT,UG,26631,QUALIF T2,0.21640135540333,0.3178644322698464,37023,3305,33,75,fp
M. Thomas RUDIGOZ,ENS,15631,QUALIF T2,0.2173477759083388,0.2972125038028597,18613,6901,69,84,en
Mme Lucie ETONNO,UG,18929,QUALIF T2,0.1568125522943228,0.2332565217927074,36734,8501,85,52,fp
Mme Sandrine LE FEUR,ENS,18586,QUALIF T2,0.2203072400549997,0.3062953197099539,22356,2904,29,53,en
M. Christophe CATHUS,UG,16131,QUALIF T2,0.191384097003061,0.2826627882526109,25227,2402,24,75,fp
Mme Sarah EL HAÏRY,ENS,33241,QUALIF T2,0.259739955304818,0.3617201867307964,33612,4405,44,52,en
M. Léo METAYER,UG,18621,QUALIF T2,0.1948149775587709,0.2832349720126551,27970,4902,49,52,fp
Mme Valérie LÉTARD,UDI,14280,QUALIF T2,0.1759487432232627,0.291893217775234,30997,5921,59,32,en
M. Pierre MOREL A L'HUISSIER,DVD,10451,QUALIF T2,0.1748711598955893,0.2403744422466534,14919,4801,48,76,lr
Mme Frédérique MEUNIER,LR,22456,QUALIF T2,0.240776282635501,0.3504478916320734,26494,1902,19,75,lr
Mme Geneviève DARRIEUSSECQ,ENS,21353,QUALIF T2,0.1946543661175784,0.2825367841642849,31682,4001,40,75,en
Mme Ghislaine KOUNOWSKI,UG,16706,QUALIF T2,0.2133343549272753,0.3147384087869025,24145,4501,45,24,fp
Mme Charlotte FAILLÉ,ENS,19919,QUALIF T2,0.2133249084327543,0.297121121718377,24526,3503,35,53,en
Mme Virginie LEBRAUD,UG,15653,QUALIF T2,0.1726446517989102,0.2587957145691422,27607,1603,16,75,fp
Mme Aude LUQUET,ENS,12816,QUALIF T2,0.1796492801973675,0.2904146838885112,25761,7701,77,11,en
M. Geoffroy BOULARD,DVD,14048,QUALIF T2,0.1919020818534506,0.2655325583593233,19833,7504,75,11,lr
M. Alain ROUBIAN,UG,12039,QUALIF T2,0.1465347257722924,0.2219907065938929,26733,7406,74,84,fp
M. Samuel DEGUARA,ENS,14690,QUALIF T2,0.2153422167494905,0.3054943226718795,17951,1202,12,76,en
Mme Christine JUSTE,UG,14119,QUALIF T2,0.1771851665934617,0.2821711933169454,28613,1306,13,93,fp
M. Daniel IBANEZ,UG,11530,QUALIF T2,0.1545928696888031,0.2180532178451878,20530,7303,73,84,fp
M. Nicolas SANSU,UG,12621,QUALIF T2,0.184312751913079,0.2968459674953548,24480,1802,18,24,fp
M. Geoffroy DIDIER,LR,11217,QUALIF T2,0.1467291064397556,0.1990029450377887,19223,9206,92,11,lr
Mme Cécile RILHAC,ENS,15013,QUALIF T2,0.1558885220027828,0.2352139376752784,31175,9503,95,11,en
M. Jean TERLIER,ENS,20870,QUALIF T2,0.1991792326779919,0.2860079484719748,29057,8103,81,76,en
M. Pascal LECAMP,ENS,14704,QUALIF T2,0.2030406385064693,0.3018310206092454,21754,8603,86,75,en
M. Francis DUBOIS,LR,18816,QUALIF T2,0.205119260454367,0.2863970532275986,23227,1901,19,75,lr
Mme Catherine COUTURIER,UG,14359,QUALIF T2,0.1595799066459213,0.2346932104213657,26423,2301,23,75,fp
M. Pierre SMOLARZ,UG,18074,QUALIF T2,0.1925777545736417,0.2691185229303157,24830,2903,29,53,fp
M. Jérémy DAUPHIN,UG,19685,QUALIF T2,0.1883425662810834,0.257108525005551,26320,2202,22,53,fp
Mme Anne PATAULT,ENS,16595,QUALIF T2,0.1698775694046351,0.2406293047197854,26760,3504,35,53,en
Mme Sylvie BONNET,LR,21649,QUALIF T2,0.2071813422908711,0.3072087413083582,32052,4204,42,84,lr
M. Thomas CIANO,UG,12557,QUALIF T2,0.1503454221094096,0.2085153019710732,22466,7803,78,11,fp
M. Charles MENARD,UG,16747,QUALIF T2,0.1853323299617095,0.2953719707926205,32430,3001,30,76,fp
Mme Isabelle PAGANI,UG,18222,QUALIF T2,0.1809497328752159,0.2626632455963329,29765,2604,26,84,fp
Mme Anne-Laure BLIN,LR,11572,QUALIF T2,0.1590696651454335,0.2386914461335368,22879,4903,49,52,lr
Mme Odile VIDAL-SAGNIER,UG,18869,QUALIF T2,0.2049975555434841,0.3112207029639282,30461,5909,59,32,fp
M. Fabrice BRUN,DVD,15194,QUALIF T2,0.1875293130260917,0.2648376357393108,22335,0703,07,84,lr
Mme Joëlle RICHOL,UG,16833,QUALIF T2,0.1693545953015745,0.2543287099990934,31677,3810,38,84,fp
Mme Céline BOURDON,UG,15787,QUALIF T2,0.1952435133196468,0.2720630051527737,21729,7804,78,11,fp
M. Christophe MARION,ENS,20014,QUALIF T2,0.2469218052162755,0.3624608363366354,24082,4103,41,24,en
M. Cédric BRIOLAIS,UG,14918,QUALIF T2,0.161310553633218,0.224017539381016,24689,7810,78,11,fp
Mme Sandra BARBIER,UG,17240,QUALIF T2,0.1734214523543672,0.2555853705543119,29596,3703,37,24,fp
Mme Maud PETIT,ENS,15287,QUALIF T2,0.2041451330742625,0.3058072776010722,23671,9404,94,11,en
M. Benoît VUILLEMIN,ENS,15026,QUALIF T2,0.1905039619651347,0.2679195492475572,21525,2502,25,27,en
Mme Nicole LE PEIH,ENS,18222,QUALIF T2,0.1856470444403692,0.2657314103218468,27644,5603,56,53,en
M. Anthony BROSSE,ENS,10604,QUALIF T2,0.1441132901156548,0.2201050293708616,24246,4505,45,24,en
Mme Anne-Valérie DUVAL,UG,17980,QUALIF T2,0.1624444364135737,0.2281841717853698,29789,7401,74,84,fp
M. Corentin LE FUR,LR,20520,QUALIF T2,0.2294762975140067,0.319571412997773,23834,2203,22,53,lr
M. Guillaume JOUANNEAU,UG,16778,QUALIF T2,0.1985773632694606,0.290699286159817,24926,4907,49,52,fp
M. Léo WALTER,UG,14774,QUALIF T2,0.2215955962862414,0.3298872390309255,20111,0402,04,93,fp
Mme Jade BENIGUEL,UG,21405,QUALIF T2,0.1882155355855301,0.2579599411892309,28784,5602,56,53,fp
M. Christian JOLIE,UG,13497,QUALIF T2,0.1604302864614287,0.251247207743857,29169,0103,01,84,fp
M. Victor PRANDT,UG,16178,QUALIF T2,0.1801538958363492,0.2623275121207699,27099,6913,69,84,fp
M. Nicolas CADÈNE,UG,15992,QUALIF T2,0.1868813761349958,0.2877086931491076,28866,3006,30,76,fp
Mme Aline JEUDI,UG,10935,QUALIF T2,0.1365714142978468,0.2040416480071652,24756,0303,03,84,fp
M. Guillaume TATU,UG,19215,QUALIF T2,0.1889510585782698,0.2688314958867312,28636,7402,74,84,fp
M. Benoît BITEAU,UG,21027,QUALIF T2,0.1850479626859104,0.2693628141733494,33612,1702,17,75,fp
M. Jean-François PORTARRIEU,ENS,22267,QUALIF T2,0.2046862647767175,0.294330694090122,30528,3105,31,76,en
M. Sébastien RAMAGE,UG,17073,QUALIF T2,0.2027479574387231,0.283063914449142,22918,7801,78,11,fp
M. Nicolas FORISSIER,LR,18700,QUALIF T2,0.2140298268304128,0.3182328715836765,26395,3602,36,24,lr
Mme Ariane ARY,ENS,17080,QUALIF T2,0.1863916625743438,0.2775475714587497,28457,3303,33,75,en
Mme Marina FERRARI,ENS,23381,QUALIF T2,0.2484274724807684,0.3523994694640381,26053,7301,73,84,en
M. Daniel LECA,UDI,11207,QUALIF T2,0.1477404556000843,0.2292804680946827,25629,6006,60,32,en
M. Erwan CROUAN,ENS,18223,QUALIF T2,0.1989844944310985,0.2798544136617728,24649,2906,29,53,en
M. Loïc PEN,UG,13289,QUALIF T2,0.1723203402577867,0.2718087173508416,27165,6007,60,32,fp
M. Jean-Luc FUGIT,ENS,18564,QUALIF T2,0.1893899204244032,0.2693127910519214,27586,6911,69,84,en
Mme Karima CHOUIA,UG,15053,QUALIF T2,0.2049588802352813,0.3218929090753571,25579,5907,59,32,fp
M. Hadrien GHOMI,ENS,20622,QUALIF T2,0.2111525229357798,0.3302584798693187,33523,7708,77,11,en
M. Bruno STUDER,ENS,13260,QUALIF T2,0.18690534921418,0.2898740818467996,24477,6703,67,44,en
M. Benjamin DIRX,ENS,15546,QUALIF T2,0.2065639117725219,0.3060356706956967,23084,7101,71,27,en
M. Laurent WAUQUIEZ,LR,27013,QUALIF T2,0.2629872658592624,0.368034551350173,27850,4301,43,84,lr
Mme Alma DUFOUR,UG,17335,QUALIF T2,0.200899324347816,0.3265148518581304,31630,7604,76,28,fp
M. Quentin BATAILLON,ENS,9864,QUALIF T2,0.1542141550583931,0.2371838030201019,21540,4201,42,84,en
M. Alexandre VINCENDET,ENS,11799,QUALIF T2,0.1625049926315644,0.2705323978539001,28217,6907,69,84,en
Mme Céline CELCE,UG,15329,QUALIF T2,0.1804558189908883,0.271578910070158,26656,8405,84,93,fp
Mme Sabine OROMI,UG,15181,QUALIF T2,0.1582574067510372,0.2290952991775447,27885,3003,30,76,fp
Mme Elise LEBOUCHER,UG,13600,QUALIF T2,0.1669961566325716,0.2594231649626125,27296,7204,72,52,fp
Mme Patricia MIRALLES,ENS,13806,QUALIF T2,0.1511032308904649,0.2254114420062695,28757,3401,34,76,en
Mme Ghislaine BONNET,UG,12258,QUALIF T2,0.1661741181574167,0.2501479501255025,23131,7201,72,52,fp
M. Eric LE JAOUEN,UDI,7310,QUALIF T2,0.1436459745721079,0.2307522333406989,18558,4202,42,84,en
M. Christian DEVÈZE,ENS,19806,QUALIF T2,0.1857677481077126,0.2691837233955802,31087,6406,64,75,en
M. Nicolas HELARY,UG,18234,QUALIF T2,0.1598295992426633,0.2334250784100364,33474,8502,85,52,fp
M. Thibault BAZIN,LR,20984,QUALIF T2,0.2176086280203256,0.3320568408393202,31625,5404,54,44,lr
M. Amadou DEME,UG,21010,QUALIF T2,0.2109162458715228,0.3082995832599636,29316,9104,91,11,fp
Mme Maïté CARRIVE-BÉDOUANI,UG,16893,QUALIF T2,0.1942192943124202,0.262864700848051,21738,7802,78,11,fp
Mme Florence Janine Jacqueline PERRIN,UG,17412,QUALIF T2,0.1758006542546747,0.2364475828354155,24116,6910,69,84,fp
M. Philippe BONNECARRERE,DVC,17352,QUALIF T2,0.203318335208099,0.2952225398121682,24571,8101,81,76,en
Mme Charlotte BRUN,UG,20301,QUALIF T2,0.1993558080386515,0.2957863449602237,31829,5904,59,32,fp
M. Julien GOKEL,DIV,16026,QUALIF T2,0.1862513800918124,0.3219623915139826,34704,5913,59,32,au
Mme Nathalie CULLELL,UG,15603,QUALIF T2,0.1821716287215411,0.2803269852676967,27856,6603,66,76,fp
M. Frédéric DUCHÉ,ENS,14332,QUALIF T2,0.1595777847058299,0.2438534701308423,29619,2705,27,28,en
Mme Monique IBORRA,ENS,25256,QUALIF T2,0.2151754221548213,0.296025411113846,29722,3106,31,76,en
M. Fabrice BARUSSEAU,UG,15637,QUALIF T2,0.1867639681819267,0.2806605043525083,26017,1703,17,75,fp
Mme Émilie CHALAS,ENS,7908,QUALIF T2,0.1376309652267743,0.2000505944852011,17232,3803,38,84,en
M. Bruno FUCHS,ENS,17660,QUALIF T2,0.1881505630666624,0.3019319541802017,33895,6806,68,44,en
M. Damien ADAM,ENS,12456,QUALIF T2,0.1870242188555727,0.276216875485087,20713,7601,76,28,en
M. Laurent MAZAURY,UDI,13752,QUALIF T2,0.194704799660201,0.2925272808491629,22503,7811,78,11,en
Mme Isabelle NEGRIER,ENS,15544,QUALIF T2,0.1851622432934674,0.2699173438910884,23998,8701,87,75,en
Mme Séverine SAINT-PÉ,HOR,15875,QUALIF T2,0.195859499339938,0.2885157116115079,24408,8601,86,75,en
Mme Audrey DUFEU,ENS,11991,QUALIF T2,0.1315567160740342,0.202841918294849,30695,4408,44,52,en
Mme Huguette TIEGNA,ENS,12752,QUALIF T2,0.1922798552472858,0.269581210494049,17023,4602,46,76,en
M. Julien LEGER,UG,22657,QUALIF T2,0.2471475009271985,0.3727338531898792,29497,9405,94,11,fp
Mme Claire PITOLLAT,ENS,15870,QUALIF T2,0.1879441023211748,0.2701184640522875,24873,1302,13,93,en
Mme Charlyne BOUVET,UG,10629,QUALIF T2,0.1396237816252003,0.2059045737199976,22834,4904,49,52,fp
M. Leslie MORTREUX,UG,12065,QUALIF T2,0.1450259640350033,0.2482459208658258,33501,5910,59,32,fp
M. Sébastien HUYGHE,DVD,23510,QUALIF T2,0.2298524681520878,0.3437436032400503,31957,5905,59,32,lr
M. Karim CHKERI,UG,14642,QUALIF T2,0.1507697060186377,0.2280685358255451,31067,2602,26,84,fp
Mme Anne BRUGNERA,ENS,18744,QUALIF T2,0.2375725620421303,0.3102746188608035,17818,6904,69,84,en
M. Stéphane BEAUDET,DIV,11506,QUALIF T2,0.1648565779293349,0.277420132610006,27266,9101,91,11,au
Mme Nadia BELAOUNI,UG,17463,QUALIF T2,0.1926590322367114,0.2926792478128247,29271,3409,34,76,fp
M. Loïc SIGNOR,ENS,10871,QUALIF T2,0.1461706018394019,0.2376694359422824,26998,9403,94,11,en
M. Olivier VÉRAN,ENS,21089,QUALIF T2,0.2514216907688456,0.3362404336734694,20247,3801,38,84,en
M. Pierre MOURARET,UG,14247,QUALIF T2,0.1358487327650323,0.197839279019066,31369,1404,14,28,fp
M. Guillaume VUILLETET,ENS,13044,QUALIF T2,0.1655729173277821,0.2535129146988514,26092,9502,95,11,en
M. Jean-Louis THIERIOT,LR,15914,QUALIF T2,0.2042508406704828,0.3168226159665538,26422,7703,77,11,lr
Mme Mélinda SAUGER,UG,14247,QUALIF T2,0.1847955795372003,0.2702082464059477,23514,7806,78,11,fp
M. Cyrille ISAAC-SIBILLE,ENS,17411,QUALIF T2,0.2104124620832175,0.2896763996339739,21799,6912,69,84,en
Mme Rebecca BREITMAN,ENS,11063,QUALIF T2,0.1515645550197281,0.2255867539405803,23266,6702,67,44,en
Mme Stéphanie LEFOULON,UG,9176,QUALIF T2,0.1262955061592457,0.1917739508443404,23470,5303,53,52,fp
Mme Jugdeep HARVINDER,UG,18952,QUALIF T2,0.2264250128433352,0.3105561563923573,21122,2907,29,53,fp
M. Hubert BRIGAND,LR,16531,QUALIF T2,0.2450961495692914,0.3519480519480519,19020,2104,21,27,lr
Mme Bérangère COUILLARD,ENS,18854,QUALIF T2,0.2336538938184702,0.3312310043744839,22563,3307,33,75,en
M. Christophe PLASSARD,HOR,27124,QUALIF T2,0.2254771563476757,0.3275252067862102,35196,1705,17,75,en
Mme Véronique BOURCET-GINER,ENS,16619,QUALIF T2,0.1500397240980824,0.2154143281183165,31704,1310,13,93,en
M. Ludovic MENDES,ENS,14795,QUALIF T2,0.192698429237542,0.3021669423850662,26337,5702,57,44,en
Mme Louve CARRIÈRE,ENS,10114,QUALIF T2,0.1276778387931578,0.1922557834508715,25415,3802,38,84,en
Mme Sandra MARSAUD,ENS,15091,QUALIF T2,0.1810340690978887,0.2738589964613011,26164,1602,16,75,en
Mme Evelyne TERNANT,UG,9303,QUALIF T2,0.1669508102578827,0.2474531187657933,17006,3902,39,27,fp
M. Jean-Yves LALANNE,DVG,9625,QUALIF T2,0.1385948997076907,0.1995066744051073,20039,6401,64,75,dg
M. Denis FÉGNÉ,UG,17055,QUALIF T2,0.1927205749412402,0.2809303398178194,25703,6502,65,76,fp
Mme Cécile UNTERMAIER,UG,16403,QUALIF T2,0.1985234493192133,0.2996310097910273,25995,7104,71,27,fp
M. Bruno MILLIENNE,ENS,13340,QUALIF T2,0.141729439138149,0.2134639079576912,30212,7809,78,11,en
M. Richard RAMOS,ENS,15635,QUALIF T2,0.2054965564376215,0.3060285770209434,23787,4506,45,24,en
Mme Laure MILLER,ENS,14756,QUALIF T2,0.1977300440859206,0.3039153090437254,25184,5102,51,44,en
M. Hendrik DAVI,DVG,12271,QUALIF T2,0.1626138005062217,0.2444130183643389,24486,1305,13,93,dg
Mme Constance DE PÉLICHY,DVD,15041,QUALIF T2,0.2135140890056072,0.3204098587648851,22115,4503,45,24,lr
Mme Isabelle RAUCH,ENS,22460,QUALIF T2,0.2230143678446247,0.3512173763467763,34994,5709,57,44,en
M. Cyril JOBIC,ENS,17555,QUALIF T2,0.2152244807885638,0.3056232590529248,21928,2204,22,53,en
Mme Zahia HAMDANE,UG,15217,QUALIF T2,0.1967520461333574,0.295447043976313,24779,8002,80,32,fp
Mme Magali DUVERNOIS,UG,11804,QUALIF T2,0.1802990728436359,0.2826492984052488,22529,2504,25,27,fp
Mme Charlotte LEDUC,UG,13565,QUALIF T2,0.1783530772972902,0.2826866169299379,26714,5703,57,44,fp
Mme Céline PAPIN,UG,25517,QUALIF T2,0.2410379452688852,0.3422665754563867,29920,3301,33,75,fp
Mme Emmanuelle MÉNARD,DVD,16968,QUALIF T2,0.1787215217872152,0.2724557628697132,31359,3406,34,76,lr
Mme Florence MARTIN PÉRÉON,UG,16211,QUALIF T2,0.1895291875650333,0.2861555841909233,27344,7607,76,28,fp
Mme Chantal JOURDAN,UG,12264,QUALIF T2,0.179866244280183,0.2733290244935256,21957,6101,61,28,fp
Mme Marielle LEMAITRE,UG,23858,QUALIF T2,0.2213973515464778,0.3060365838015341,27048,2205,22,53,fp
M. Philippe GUILLEMARD,ENS,14435,QUALIF T2,0.1733538291561085,0.2637878732502467,27392,5401,54,44,en
M. Olivier FALORNI,DVG,34824,QUALIF T2,0.3112565023864428,0.4564268581988807,34147,1701,17,75,dg
Mme Elodie HOBET,ENS,16063,QUALIF T2,0.1884665024052563,0.2709819997638207,24258,3101,31,76,en
M. Nicolas BOUCHER,ENS,21453,QUALIF T2,0.2274057113782357,0.3188283026438985,25504,3501,35,53,en
Mme Lysiane MÉTAYER,ENS,19081,QUALIF T2,0.236092551348676,0.3460150512285792,24236,5605,56,53,en
Mme Christelle PETEX,DVD,19726,QUALIF T2,0.2193044870369546,0.3237166863594591,27529,7403,74,84,lr
Mme Justine GRUET,LR,16727,QUALIF T2,0.2382593832348123,0.3433997125846849,20295,3903,39,27,lr
M. Jean-Luc LAGLEIZE,ENS,20934,QUALIF T2,0.1963845136354681,0.2790567471373155,29396,3102,31,76,en
M. Christophe MASSIAUX,UG,15333,QUALIF T2,0.2119574232789604,0.303161516104158,20675,7812,78,11,fp
M. Jean-François BRIDET,UG,14705,QUALIF T2,0.1605962977120078,0.2405489849667108,29049,2801,28,24,fp
M. Jean LAUSSUCQ,ENS,13325,QUALIF T2,0.1786695986805937,0.2361834875394377,17671,7502,75,11,en
M. Gilles LE GENDRE,DVC,11071,QUALIF T2,0.1484466136580002,0.1962316991031231,17671,7502,75,11,en
M. Léon THEBAULT,UG,12702,QUALIF T2,0.1621290446103771,0.2273654816883256,20567,1201,12,76,fp
M. Frédéric VALLETOUX,ENS,18171,QUALIF T2,0.2258838446621252,0.3372995247995248,25288,7702,77,11,en
M. Lori HELLOCO,UG,9988,QUALIF T2,0.1413669624785925,0.2107261909785223,22150,6103,61,28,fp
Mme Laure QUIGNARD,UG,15754,QUALIF T2,0.1717543936156295,0.2723861887718934,32712,0603,06,93,fp
M. Michel LAUZZANA,ENS,17155,QUALIF T2,0.1937148535423112,0.2840749143055854,25872,4701,47,75,en
Mme Sabine THILLAYE,ENS,16025,QUALIF T2,0.1827731332048313,0.2674667022732583,26115,3705,37,24,en
M. Jean-Michel BRARD,DVD,29952,QUALIF T2,0.2257682769641282,0.3262602936691212,38045,4409,44,52,lr
Mme Véronique MAHÉ,UG,19881,QUALIF T2,0.1671430733273922,0.2411425799017527,33383,4407,44,52,fp
M. Mounir BELHAMITI,ENS,20488,QUALIF T2,0.2649013472628067,0.3738822584765867,21170,4401,44,52,en
M. Grégory BOISSEAU,UG,12135,QUALIF T2,0.1521458393410148,0.2276692744976642,24780,5302,53,52,fp
M. Jean-René CAZENEUVE,ENS,16072,QUALIF T2,0.2193890087089464,0.3090234382510719,19098,3201,32,76,en
Mme Sylvie GABIN,UG,16707,QUALIF T2,0.1676467046640443,0.2479187998041223,29883,4906,49,52,fp
M. Fabrice MATTEUCCI,UG,17831,QUALIF T2,0.1967949496175792,0.2648456762617711,22377,6905,69,84,fp
Mme Violette SALANON,ENS,11630,QUALIF T2,0.1331349092782325,0.2077045344953833,30117,5902,59,32,en
Mme Céline THIÉBAULT-MARTINEZ,UG,16521,QUALIF T2,0.1883056932809027,0.2964631148276418,30745,7709,77,11,fp
M. Aurélien PRADIÉ,LR,22180,QUALIF T2,0.30364012211316,0.4224520503590271,19371,4601,46,76,lr
M. Vincent SAULNIER,UDI,9957,QUALIF T2,0.1342510820176089,0.2010175034825268,23384,5301,53,52,en
Mme Isabelle PERIGAULT,LR,16060,QUALIF T2,0.181065875959728,0.2800837111963725,29780,7704,77,11,lr
M. Vincent ROLLAND,LR,18593,QUALIF T2,0.2458546002697485,0.3684043670371911,24026,7302,73,84,lr
M. Rémy REBEYROTTE,ENS,13606,QUALIF T2,0.1681808630301232,0.2510285788085091,24735,7103,71,27,en
Mme Émilie CHANDLER,ENS,14244,QUALIF T2,0.1695391354027804,0.2546254089129618,26542,9501,95,11,en
Mme Élodie JACQUIER-LAFORGE,ENS,19307,QUALIF T2,0.1905546782471378,0.2726014825273561,28739,3809,38,84,en
M. Dominique DA SILVA,ENS,10241,QUALIF T2,0.1494185792030814,0.2313252467755415,23262,9507,95,11,en
M. Jean LASSALLE,DVD,10434,QUALIF T2,0.1291464501435785,0.1805346483259797,21647,6404,64,75,lr
M. François CORMIER-BOULIGEON,ENS,14961,QUALIF T2,0.2125111859206545,0.3301045849697718,23447,1801,18,24,en
M. Jacques MYARD,DVD,12241,QUALIF T2,0.1594586144907901,0.229013488989916,22131,7805,78,11,lr
M. Christian PAUL,UG,13788,QUALIF T2,0.1750523709769567,0.2632201901416517,24509,5802,58,27,fp
M. Alexis IZARD,ENS,20189,QUALIF T2,0.2036536405269635,0.2989811331931404,29864,9103,91,11,en
M. Jean-Baptiste BAUD,UG,15985,QUALIF T2,0.1541406310267685,0.2351669045062009,34132,7405,74,84,fp
M. Gilles RENAULT,UG,20200,QUALIF T2,0.181023049073377,0.2585169827740664,30678,3505,35,53,fp
M. Alain HUNAULT,DVD,22993,QUALIF T2,0.1960388104494918,0.2918115592557809,35797,4406,44,52,lr
M. Olivier SALERNO,UG,13499,QUALIF T2,0.1648652279583287,0.2662052101204914,30141,0601,06,93,fp
M. Christophe COURREGELONGUE,UG,13787,QUALIF T2,0.1791822624246205,0.2689149388519378,23601,4702,47,75,fp
Mme Naïma MOUTCHOU,ENS,14084,QUALIF T2,0.184679132464399,0.2789352768755446,24780,9504,95,11,en
M. Sébastien FINE,ENS,10338,QUALIF T2,0.189628923088211,0.267035181071447,14801,0502,05,93,en
Mme Sophie METTE,ENS,21714,QUALIF T2,0.2090960740319893,0.3003277962960402,28885,3309,33,75,en
M. Gérard LESEUL,UG,21281,QUALIF T2,0.2243080295971499,0.3336155136465535,29562,7605,76,28,fp
M. Julien CANIN,ENS,15837,QUALIF T2,0.1812200340996212,0.285063719490244,30142,2701,27,28,en
M. Jean-Félix ACQUAVIVA,REG,12698,QUALIF T2,0.1869359753853401,0.2863263281320465,22746,2B02,2B,94,au
M. André VILLIERS,ENS,13837,QUALIF T2,0.191489067257127,0.2933245712589828,23423,8902,89,27,en
Mme Elsa LAFAYE,UG,16209,QUALIF T2,0.1788125496425734,0.2512672650327861,24462,3506,35,53,fp
Mme Sophie PANONACLE,ENS,26881,QUALIF T2,0.2211372349002122,0.3170826649051618,34656,3308,33,75,en
Mme Laurence VICHNIEVSKY,ENS,16800,QUALIF T2,0.1862651617624232,0.2602996544831967,23937,6303,63,84,en
M. Maxime VIANCIN,UG,25055,QUALIF T2,0.1983282013124253,0.2780058585948249,33656,4410,44,52,fp
M. Lionel CAUSSE,ENS,26051,QUALIF T2,0.2090485246796183,0.3004728950403691,35132,4002,40,75,en
Mme Aude AMADOU,ENS,14815,QUALIF T2,0.1589114858197108,0.2265948823052568,26440,4404,44,52,en
M. Jean-Michel JACQUES,ENS,21675,QUALIF T2,0.2310028775444953,0.3307897748950782,26326,5606,56,53,en
M. Romain DAUBIÉ,ENS,17414,QUALIF T2,0.170936647230893,0.2421368781111821,28438,0102,01,84,en
M. Jean-Bernard SEMPASTOUS,DIV,14776,QUALIF T2,0.1692011725906925,0.2484446985237246,25834,6501,65,76,au
M. Felix BLANC,UG,11457,QUALIF T2,0.1863745058806305,0.2726169514110312,18194,0401,04,93,fp
M. Olivier MARLEIX,LR,12109,QUALIF T2,0.1602503870942127,0.2591657213791922,27860,2802,28,24,lr
M. Yannick CHENEVARD,ENS,14270,QUALIF T2,0.2007060577504606,0.3136815264222281,24452,8301,83,93,en
M. Mathieu HILLAIRE,UG,16207,QUALIF T2,0.1744226091822897,0.2654100615747412,30085,9102,91,11,fp
M. Christophe BEX,UG,24681,QUALIF T2,0.2280442395291465,0.3316982044941404,31112,3107,31,76,fp
M. Jean-François ROUSSET,ENS,16514,QUALIF T2,0.2285010585158639,0.3244974553457389,19095,1203,12,76,en
M. Adrien MEXIS,DVD,17697,QUALIF T2,0.2347393553521687,0.3729924545799435,26815,5101,51,44,lr
Mme Laurence MAILLART-MÉHAIGNERIE,ENS,25792,QUALIF T2,0.2581781781781782,0.3424413818741867,23110,3502,35,53,en
Mme Anne GALLO,UG,23884,QUALIF T2,0.2066572642399176,0.2824469909296248,29345,5601,56,53,fp
M. Nicolas TURQUOIS,ENS,15076,QUALIF T2,0.2046173265109461,0.3211007220293497,25143,8604,86,75,en
M. Pierre HENRIET,ENS,19606,QUALIF T2,0.2333825349966669,0.3484272258752444,26026,8505,85,52,en
Mme Elsa RICHARD,UG,20475,QUALIF T2,0.2308993515647025,0.3382061446977205,26601,4901,49,52,fp
Mme Valérie RUEDA,UG,9893,QUALIF T2,0.1587604711621786,0.224259872149431,16947,1501,15,84,fp
M. Patrick BLANES,UG,14421,QUALIF T2,0.1667572474242301,0.2485222396470608,26889,8402,84,93,fp
M. Ian BOUCARD,LR,7679,QUALIF T2,0.1614829768889449,0.2398638095833073,14784,9001,90,27,lr
M. Belkhir BELHADDAD,ENS,15640,QUALIF T2,0.1665069732779729,0.2758912663832489,35384,5701,57,44,en
M. François DUROVRAY,DVD,13532,QUALIF T2,0.1767387187357147,0.2738051879729675,26007,9108,91,11,lr
Mme Pascale MARTIN,UG,15540,QUALIF T2,0.1989578398863098,0.294234592445328,23125,2401,24,75,fp
M. Andre Antoine Célestin CHAPAVEIRE,UG,10898,QUALIF T2,0.1372716966872402,0.1954517737365042,22317,4302,43,84,fp
Mme Marie-Eve TAYOT,ENS,16937,QUALIF T2,0.1722325042201387,0.2444505383482954,25675,8702,87,75,en
M. Jean-Marc ZULESI,ENS,18563,QUALIF T2,0.179036100421477,0.2673474090503211,32836,1308,13,93,en
M. Marc PENA,UG,17374,QUALIF T2,0.1855225362790846,0.275362548537919,29051,1311,13,93,fp
Mme Pascaline LÉCORCHÉ,UG,14340,QUALIF T2,0.173205140593294,0.2689825930372149,28226,1301,13,93,fp
Mme Hella KRIBI - ROMDHANE,DVG,14124,QUALIF T2,0.1695069847822956,0.252290874015326,26293,9106,91,11,dg
M. Eric POULLIAT,ENS,25636,QUALIF T2,0.235173242576301,0.3277841708221455,28883,3306,33,75,en
Mme Marie GUÉVENOUX,ENS,13908,QUALIF T2,0.1743141113213932,0.2711322520274485,27115,9109,91,11,en
Mme France MOREAU,UG,11220,QUALIF T2,0.1400801528147121,0.2132917648847996,25757,4905,49,52,fp
Mme Dominique FAURE,ENS,22910,QUALIF T2,0.2178750760803408,0.2899486167008378,23611,3110,31,76,en
M. Julien BRUNEL,UG,16083,QUALIF T2,0.1899447278911564,0.2648802661484238,22316,6402,64,75,fp
Mme Ingrid BRULANT-FORTIN,ENS,16559,QUALIF T2,0.1776888326125913,0.2794154868973896,32377,5911,59,32,en
M. Nicolas GUIVARC'H,UG,16701,QUALIF T2,0.1565978115125317,0.2223420400990494,30003,3507,35,53,fp
Mme Fadila KHATTABI,ENS,11695,QUALIF T2,0.161475160853837,0.2381146289320981,22065,2103,21,27,en
Mme Mathilde FELD,UG,18042,QUALIF T2,0.2024665866166915,0.2885381183131027,24589,3312,33,75,fp
Mme Nathalie LANZI,UG,20571,QUALIF T2,0.2242119719230937,0.3278978576893649,27022,7901,79,75,fp
Mme Elisabeth BORNE,ENS,19213,QUALIF T2,0.1994435966906459,0.2893436944670341,27634,1406,14,28,en
M. Lander MARCHIONNI,ENS,15396,QUALIF T2,0.1388941513978727,0.1909013130974965,27829,2603,26,84,en
Mme Annie VIDAL,ENS,18996,QUALIF T2,0.1983377881724022,0.2773179170498839,25625,7602,76,28,en
Mme Raquel GARRIDO,DVG,8672,QUALIF T2,0.1315773502457971,0.236455351056578,28268,9305,93,11,dg
Mme Gladys GRELAUD,UG,19371,QUALIF T2,0.1961600388856821,0.2721869379496403,26027,2905,29,53,fp
Mme Danielle BRULEBOIS,ENS,16231,QUALIF T2,0.2499961494031574,0.3616210676410302,18534,3901,39,27,en
Mme Célia PEREIRA,UG,13243,QUALIF T2,0.1393149445601632,0.1953043196130193,25642,5906,59,32,fp
Mme Virginie DUBY-MULLER,LR,20865,QUALIF T2,0.229474841902667,0.3724629143683393,34056,7404,74,84,lr
Mme Perrine GOULET,ENS,13593,QUALIF T2,0.184062288422478,0.2939789783295125,25963,5801,58,27,en
Mme Bérangère ABBA,ENS,12529,QUALIF T2,0.1811308207196657,0.280466511461318,22577,5201,52,44,en
M. Robin REDA,ENS,14000,QUALIF T2,0.188811566057075,0.3006549983893482,26516,9107,91,11,en
M. Didier PARIS,ENS,18130,QUALIF T2,0.2118584649901841,0.3097609731927762,25043,2105,21,27,en
M. Matthieu ANNEREAU,ENS,16147,QUALIF T2,0.165799012208771,0.2456639483933787,30116,4403,44,52,en
M. Didier MARTIN,ENS,13830,QUALIF T2,0.1961841265337967,0.2747700315896131,19250,2101,21,27,en
Mme Marion GORGIARD,UG,19926,QUALIF T2,0.2198391420911528,0.3038426349496798,23382,2201,22,53,fp
Mme Karen ERODI,UG,24048,QUALIF T2,0.2180038074517269,0.3162546028406102,31221,8102,81,76,fp
M. Florian DELRIEU,ENS,12451,QUALIF T2,0.1530208435748697,0.2235608862714116,24179,3109,31,76,en
Mme Marie-José ALLEMAND,UG,12568,QUALIF T2,0.2093027128749146,0.3047231112404228,17531,0501,05,93,fp
M. Florent BOUDIÉ,ENS,17128,QUALIF T2,0.2049073442677864,0.2996134133328668,24550,3310,33,75,en
Mme Florence LASSERRE,ENS,18667,QUALIF T2,0.1845732479038127,0.2662568286525267,29466,6405,64,75,en
M. Jean-Carles GRELIER,ENS,17898,QUALIF T2,0.2034325983177995,0.3128309999475643,28903,7205,72,52,en
Mme Nadia HAI,ENS,15903,QUALIF T2,0.1948586622229301,0.2932455606571887,26206,7807,78,11,en
M. Joël BRUNEAU,DVD,22596,QUALIF T2,0.3082842174197773,0.4310732954328666,19818,1401,14,28,lr
M. Nicolas PACQUOT,ENS,12806,QUALIF T2,0.1977821708778649,0.3021637054340388,20526,2503,25,27,en
M. Emmanuel LACRESSE,ENS,13869,QUALIF T2,0.2042081394663996,0.3073803191489361,22031,5402,54,44,en
Mme Louise HERITIER,UG,12482,QUALIF T2,0.1562652578339196,0.2405890403037721,25531,0302,03,84,fp
Mme Viviane THIVENT,UG,15795,QUALIF T2,0.1701460703205791,0.2602055945438371,29908,1102,11,76,fp
M. Patrick DRAY,LR,9775,QUALIF T2,0.127931630195791,0.1769711233819136,20689,7514,75,11,lr
M. Emmanuel MANDON,ENS,16243,QUALIF T2,0.1924434860907066,0.2911401480525533,27063,4203,42,84,en
Mme Agnès PANNIER-RUNACHER,ENS,12838,QUALIF T2,0.1449049618492934,0.2153918426924819,27528,6202,62,32,en
M. Samuel CHEVALLIER,UDI,11962,QUALIF T2,0.1428059787020677,0.2308776128621335,30121,7202,72,52,en
Mme Annaïg LE MEUR,ENS,22422,QUALIF T2,0.2428305319701958,0.3300362094851188,22747,2901,29,53,en
M. Daniel LABARONNE,ENS,20801,QUALIF T2,0.2233784364261168,0.325845512790388,27451,3702,37,24,en
M. Xavier BRETON,LR,14495,QUALIF T2,0.1669104015291963,0.2396065790561203,25013,0101,01,84,lr
M. Jean-Charles COLAS-ROY,ENS,15783,QUALIF T2,0.1476150392817059,0.2053393700480074,28359,3805,38,84,en
Mme Corinne VIGNON,ENS,20227,QUALIF T2,0.2469146351884178,0.3320256073539067,19856,3103,31,76,en
M. Thomas MESNIER,HOR,16784,QUALIF T2,0.1994343972052567,0.3030259261933993,27182,1601,16,75,en
Mme Christelle DRUILLOLE,UG,13600,QUALIF T2,0.2031457720286196,0.2858283768731216,17473,2403,24,75,fp
M. Olivier BARBARIN,UG,16095,QUALIF T2,0.1770510197346709,0.2896659707724426,34122,6205,62,32,fp
Mme Gaëlle VEROVE,UG,15191,QUALIF T2,0.1367351347459,0.2001343802698145,33235,5003,50,28,fp
Mme Anaïs GOMERO,ENS,15256,QUALIF T2,0.1916294026026227,0.2771600901097304,22994,7304,73,84,en
M. Yannick NEUDER,LR,18678,QUALIF T2,0.1925567010309278,0.2755964764729317,27807,3807,38,84,lr
Mme Fabienne COLBOC,ENS,17092,QUALIF T2,0.184312118532577,0.2765158868828059,29246,3704,37,24,en
M. Laurent CROIZIER,ENS,17475,QUALIF T2,0.2305621891203673,0.3352067827821683,22151,2501,25,27,en
Mme Raphaële KRATTINGER,UG,14297,QUALIF T2,0.144342699068138,0.2092499085254299,29462,6704,67,44,fp
M. François RUFFIN,UG,17850,QUALIF T2,0.2147911051212938,0.3391923990498812,29094,8001,80,32,fp
Mme Cécile MICHEL,UG,14021,QUALIF T2,0.1692498973950411,0.2449853228962818,24248,3808,38,84,fp
M. Gilles TOULZA,DVC,14768,QUALIF T2,0.1814406644306021,0.2665078591666215,23307,8703,87,75,en
M. Jean-Charles LARSONNEUR,DVC,9874,QUALIF T2,0.1263209067881176,0.1848163815370793,23609,2902,29,53,en
Mme Amal BENTOUNSI,UG,15548,QUALIF T2,0.1875422175045836,0.3022080547348779,29994,7706,77,11,fp
Mme Laurence CRISTOL,ENS,19714,QUALIF T2,0.2095985370417623,0.2909600767471035,24655,3403,34,76,en
Mme Valérie SOUMAILLE,UG,16254,QUALIF T2,0.2026506414652087,0.2863283245547589,22028,8602,86,75,fp
M. Christophe COQUELET,ENS,14367,QUALIF T2,0.1494709682789042,0.2187157471684326,28539,0104,01,84,en
Mme Nadia EL HAJJAJI,UG,12776,QUALIF T2,0.167908633310991,0.2679530201342281,27176,6805,68,44,fp
M. Alexandre PORTIER,LR,17554,QUALIF T2,0.1788979138428299,0.2540523329859905,27780,6909,69,84,lr
Mme Delphine LINGEMANN,ENS,19299,QUALIF T2,0.1892411331522538,0.2738262461158643,29179,6304,63,84,en
Mme Estelle FOLEST,ENS,12745,QUALIF T2,0.1682441619473816,0.2578132901790229,25432,9506,95,11,en
Mme Anne-Laurence PETEL,ENS,19853,QUALIF T2,0.1985577980917328,0.2891073248871414,29759,1314,13,93,en
M. Franck RIESTER,ENS,17923,QUALIF T2,0.1996013096643428,0.3142787003103684,31193,7705,77,11,en
M. Bertrand BOUYX,ENS,16208,QUALIF T2,0.1743808232737288,0.2458998983508564,25628,1405,14,28,en
M. Ismaël STEVENSON,UG,13039,QUALIF T2,0.1283505103899044,0.1835186488388459,28855,4205,42,84,fp
M. Hervé PRONONCE,ENS,13156,QUALIF T2,0.1570153243901274,0.2407539573611492,27707,6301,63,84,en
M. Sébastien ROME,UG,28171,QUALIF T2,0.2339473159712995,0.3300489725144691,32147,3404,34,76,fp
M. François JOLIVET,HOR,17256,QUALIF T2,0.223885825494648,0.3511528051932195,26156,3601,36,24,en
